Steven A. Pritz et al v. E. Jay Gotfredson et al	https://law.justia.com/cases/federal/district-courts/california/cacdce/2:2025cv06016/977406/74/	June 26, 2026	2:2025cv06016
Lauren Nicole Waite v. Walmart, Inc. et al	https://law.justia.com/cases/federal/district-courts/california/cacdce/2:2026cv01460/1006443/16/	June 26, 2026	2:2026cv01460
Liang Chong Fay v. Warden et al	https://law.justia.com/cases/federal/district-courts/california/cacdce/5:2026cv00961/1009029/34/	June 25, 2026	5:2026cv00961
Maria Fernanda Gomez Fuentes v. Markwayne Mullin et al	https://law.justia.com/cases/federal/district-courts/california/cacdce/5:2026cv01651/1014046/17/	June 25, 2026	5:2026cv01651
Cielo Arevalo v. Walmart Inc. et al	https://law.justia.com/cases/federal/district-courts/california/cacdce/2:2026cv02432/1009781/12/	June 25, 2026	2:2026cv02432
Maria Fernanda Gomez Fuentes v. Markwayne Mullin et al	https://law.justia.com/cases/federal/district-courts/california/cacdce/5:2026cv01651/1014046/18/	June 25, 2026	5:2026cv01651
Estate of Gilbert Dominguez v. Estes Express Lines, Inc. et al	https://law.justia.com/cases/federal/district-courts/california/cacdce/2:2025cv10514/993830/36/	June 24, 2026	2:2025cv10514
Sem Roman Morones v. Warden, Adelanto ICE Processing Center et al	https://law.justia.com/cases/federal/district-courts/california/cacdce/5:2026cv02907/1022330/14/	June 24, 2026	5:2026cv02907
Edda Deras v. Frank Bisignano	https://law.justia.com/cases/federal/district-courts/california/cacdce/2:2025cv06976/981169/18/	June 24, 2026	2:2025cv06976
United States of America v. Edwin Pascual Sanabria De La Torre	https://law.justia.com/cases/federal/district-courts/california/cacdce/2:2026cv00400/1003475/29/	June 23, 2026	2:2026cv00400
Randy Flores v. Ford Motor Company et al	https://law.justia.com/cases/federal/district-courts/california/cacdce/2:2026cv03522/1013742/26/	June 23, 2026	2:2026cv03522
Sokolskyfilm, Inc. v. Lauren Messiah Inc. et al	https://law.justia.com/cases/federal/district-courts/california/cacdce/2:2025cv07884/983973/73/	June 23, 2026	2:2025cv07884
Adam Vargas v. Northrop Grumman Systems Corporation et al	https://law.justia.com/cases/federal/district-courts/california/cacdce/2:2026cv01879/1007804/30/	June 23, 2026	2:2026cv01879
Humberto Exael Mendez Chavez v. Adelanto ICE Processing Center Warden	https://law.justia.com/cases/federal/district-courts/california/cacdce/5:2025cv03481/1000364/16/	June 23, 2026	5:2025cv03481
Donald Lyons et al v. McLane Foodservice, Inc. et al	https://law.justia.com/cases/federal/district-courts/california/cacdce/2:2026cv05040/1019462/19/	June 22, 2026	2:2026cv05040
Chao Chen v. Fereti Semaia et al	https://law.justia.com/cases/federal/district-courts/california/cacdce/5:2026cv02618/1020456/12/	June 22, 2026	5:2026cv02618
Rodolfo William Munoz v. Subcontracting Concepts CT LLC et al	https://law.justia.com/cases/federal/district-courts/california/cacdce/2:2025cv07887/983984/19/	June 22, 2026	2:2025cv07887
Davran Ibragimov et al v. Ernesto Santacruz, Jr. et al	https://law.justia.com/cases/federal/district-courts/california/cacdce/5:2026cv01116/1010164/22/	June 22, 2026	5:2026cv01116
Chiddy Golden v. Transunion, LLC et al	https://law.justia.com/cases/federal/district-courts/california/cacdce/2:2025cv11740/998962/210/	June 18, 2026	2:2025cv11740
Diana Elizabeth Malespin Montalvan v. Fereti Semaia et al	https://law.justia.com/cases/federal/district-courts/california/cacdce/5:2026cv03177/1024016/11/	June 17, 2026	5:2026cv03177
Oscar Aleman v. Frank Bisignano	https://law.justia.com/cases/federal/district-courts/california/cacdce/5:2025cv03004/994845/19/	June 17, 2026	5:2025cv03004
Oscar Aleman v. Frank Bisignano	https://law.justia.com/cases/federal/district-courts/california/cacdce/5:2025cv03004/994845/18/	June 17, 2026	5:2025cv03004
Olga Anoshechkina v. Nuloom LLC et al	https://law.justia.com/cases/federal/district-courts/california/cacdce/2:2026cv01507/1006579/31/	June 16, 2026	2:2026cv01507
Quang Vinh Huynh v. D. Marin et al	https://law.justia.com/cases/federal/district-courts/california/cacdce/5:2026cv02405/1018986/20/	June 16, 2026	5:2026cv02405
Zaira V. Alvarez-Guatibonza v. Adelanto ICE Process Ctr et al	https://law.justia.com/cases/federal/district-courts/california/cacdce/5:2026cv02157/1017349/15/	June 15, 2026	5:2026cv02157
Alexander Gudiel Ipina Morales v. Secretary of Homeland Security et al	https://law.justia.com/cases/federal/district-courts/california/cacdce/5:2026cv01960/1016323/18/	June 12, 2026	5:2026cv01960
Vardges Nikoghosyan v. Todd Lyons et al	https://law.justia.com/cases/federal/district-courts/california/cacdce/2:2026cv05572/1021599/12/	June 12, 2026	2:2026cv05572
Evelyn Villareal Gonzalez v. Nissan North America, Inc. et al	https://law.justia.com/cases/federal/district-courts/california/cacdce/8:2026cv00538/1010002/16/	June 12, 2026	8:2026cv00538
Julio Alberto Melendrez Ortega v. Acting Warden FCI-Termainal Island	https://law.justia.com/cases/federal/district-courts/california/cacdce/2:2026cv00623/1004723/14/	June 11, 2026	2:2026cv00623
Arthuer L. Simms v. Imperial Woodpecker, LLC et al	https://law.justia.com/cases/federal/district-courts/california/cacdce/2:2025cv09198/988590/39/	June 9, 2026	2:2025cv09198
Le Cuong v. D. Marin et al	https://law.justia.com/cases/federal/district-courts/california/cacdce/5:2026cv00805/1007516/11/	June 9, 2026	5:2026cv00805
Le Cuong v. D. Marin et al	https://law.justia.com/cases/federal/district-courts/california/cacdce/5:2026cv00805/1007516/12/	June 9, 2026	5:2026cv00805
Bulmaro Rendon Ramos v. Todd Blanche et al	https://law.justia.com/cases/federal/district-courts/california/cacdce/5:2026cv01749/1014689/14/	June 9, 2026	5:2026cv01749
C. Francis v. Robert Luna et al	https://law.justia.com/cases/federal/district-courts/california/cacdce/2:2024cv03740/925186/155/	June 8, 2026	2:2024cv03740
Farhad Mousavipour v. Select Portfolio Servicing, Inc. et al	https://law.justia.com/cases/federal/district-courts/california/cacdce/2:2025cv10798/994982/19/	June 8, 2026	2:2025cv10798
Nahoa Eagle Hardin Furness v. Frank Bisignano	https://law.justia.com/cases/federal/district-courts/california/cacdce/2:2025cv05845/976377/18/	June 8, 2026	2:2025cv05845
Nahoa Eagle Hardin Furness v. Frank Bisignano	https://law.justia.com/cases/federal/district-courts/california/cacdce/2:2025cv05845/976377/19/	June 8, 2026	2:2025cv05845
Pablo Felix v. Department of Homeland Security	https://law.justia.com/cases/federal/district-courts/california/cacdce/5:2025cv02453/987742/47/	June 8, 2026	5:2025cv02453
Solidus I, LLC v. Gaspard and Menon Construction, LLC. et al	https://law.justia.com/cases/federal/district-courts/california/cacdce/2:2025cv02764/964057/28/	June 5, 2026	2:2025cv02764
Kailash Jassal et al v. Warden of Desert View Annex et al	https://law.justia.com/cases/federal/district-courts/california/cacdce/5:2026cv02893/1022123/14/	June 5, 2026	5:2026cv02893
Jose Luis Sanchez Hernandez v. Kristi Noem et al	https://law.justia.com/cases/federal/district-courts/california/cacdce/5:2026cv01089/1009961/18/	June 4, 2026	5:2026cv01089
Marisa Angelic Papaleo v. Frank Bisignano	https://law.justia.com/cases/federal/district-courts/california/cacdce/5:2025cv02292/985487/17/	June 3, 2026	5:2025cv02292
Diana Bogdan v. CitiMortgage, Inc. et al	https://law.justia.com/cases/federal/district-courts/california/cacdce/2:2026cv00910/1004475/34/	June 3, 2026	2:2026cv00910
Marisa Angelic Papaleo v. Frank Bisignano	https://law.justia.com/cases/federal/district-courts/california/cacdce/5:2025cv02292/985487/18/	June 3, 2026	5:2025cv02292
Favian Garcia Vasquez v. Secretary of Homeland Security et al	https://law.justia.com/cases/federal/district-courts/california/cacdce/5:2026cv01958/1016320/18/	June 2, 2026	5:2026cv01958
Kevin Stewart et al v. Robert Luna et al	https://law.justia.com/cases/federal/district-courts/california/cacdce/2:2023cv04641/887803/141/	June 2, 2026	2:2023cv04641
C.S.M. v. Ruby Hernandez et al	https://law.justia.com/cases/federal/district-courts/california/cacdce/5:2026cv01144/1010460/29/	June 2, 2026	5:2026cv01144
Tan Minh Vo v. Warden, Adelanto ICE Detention Facility	https://law.justia.com/cases/federal/district-courts/california/cacdce/5:2026cv01467/1012843/26/	June 2, 2026	5:2026cv01467
Chrome Hearts LLC v. Ana Accessories Corporation et al	https://law.justia.com/cases/federal/district-courts/california/cacdce/2:2025cv10527/993893/31/	June 1, 2026	2:2025cv10527
Matthew D. Van Steenwyk et al v. Kedrin E. Van Steenwyk et al	https://law.justia.com/cases/federal/district-courts/california/cacdce/2:2024cv07401/939224/329/	June 1, 2026	2:2024cv07401
Severo Melendrez v. Frank Bisignano	https://law.justia.com/cases/federal/district-courts/california/cacdce/2:2025cv04320/970253/17/	June 1, 2026	2:2025cv04320
Lorems Emilia Galo Chavez v. Acting Warden of the Adelanto Detention Center et al	https://law.justia.com/cases/federal/district-courts/california/cacdce/5:2026cv02315/1018477/11/	June 1, 2026	5:2026cv02315
Alexander Yaroshevsky v. Fereti Semaia et al	https://law.justia.com/cases/federal/district-courts/california/cacdce/5:2026cv02503/1019640/22/	May 29, 2026	5:2026cv02503
Securities and Exchange Commission v. Anthony Joseph Cataldo	https://law.justia.com/cases/federal/district-courts/california/cacdce/2:2026cv04554/1017790/12/	May 29, 2026	2:2026cv04554
Jose Braulio Elias Mansilla v. Speedy Delivery, LLC et al	https://law.justia.com/cases/federal/district-courts/california/cacdce/5:2026cv01137/1010447/19/	May 29, 2026	5:2026cv01137
Anthony Nuno v. Deborah Boschini et al	https://law.justia.com/cases/federal/district-courts/california/cacdce/2:2025cv06430/978774/59/	May 29, 2026	2:2025cv06430
Steven Chen v. Ford Motor Company et al	https://law.justia.com/cases/federal/district-courts/california/cacdce/8:2025cv00833/967238/43/	May 28, 2026	8:2025cv00833
Josue Hernandez v. WM Wholesale, LLC et al	https://law.justia.com/cases/federal/district-courts/california/cacdce/8:2025cv02228/989595/40/	May 28, 2026	8:2025cv02228
Razmik Barsegyan v. Ernest Santacruz, Jr. et al	https://law.justia.com/cases/federal/district-courts/california/cacdce/5:2026cv02543/1020003/10/	May 28, 2026	5:2026cv02543
Raha Momeni et al v. Antony J. Blinken et al	https://law.justia.com/cases/federal/district-courts/california/cacdce/2:2024cv04879/929183/41/	May 27, 2026	2:2024cv04879
Dora Jean Teague v. Frank Bisignano	https://law.justia.com/cases/federal/district-courts/california/cacdce/2:2025cv09420/989535/22/	May 27, 2026	2:2025cv09420
Rayem Investments v. Quaker Transportation et al	https://law.justia.com/cases/federal/district-courts/california/cacdce/2:2025cv02264/961938/37/	May 27, 2026	2:2025cv02264
ResMac, Inc. v. OakTree Funding, Corp. et al	https://law.justia.com/cases/federal/district-courts/california/cacdce/2:2025cv10930/995482/40/	May 26, 2026	2:2025cv10930
Zadia Patricia Figueroa v. Warden et al	https://law.justia.com/cases/federal/district-courts/california/cacdce/5:2026cv02386/1018851/23/	May 26, 2026	5:2026cv02386
Raul Rodriguez Flores v. D. Marin et al	https://law.justia.com/cases/federal/district-courts/california/cacdce/5:2026cv01397/1012244/26/	May 26, 2026	5:2026cv01397
Julie A. Su v. Pink Cactus Corporation et al	https://law.justia.com/cases/federal/district-courts/california/cacdce/2:2025cv00192/953583/71/	May 26, 2026	2:2025cv00192
Kuy Nam Ko v. Markwayne Mullin et al	https://law.justia.com/cases/federal/district-courts/california/cacdce/5:2026cv02020/1016628/17/	May 22, 2026	5:2026cv02020
Kuy Nam Ko v. Markwayne Mullin et al	https://law.justia.com/cases/federal/district-courts/california/cacdce/5:2026cv02020/1016628/16/	May 22, 2026	5:2026cv02020
Jason Levent Zapata v. Frank Bisignano	https://law.justia.com/cases/federal/district-courts/california/cacdce/2:2025cv06084/977467/19/	May 21, 2026	2:2025cv06084
Jason Levent Zapata v. Frank Bisignano	https://law.justia.com/cases/federal/district-courts/california/cacdce/2:2025cv06084/977467/18/	May 21, 2026	2:2025cv06084
Hamid Bolooki v. Honda Motor Company Limited et al	https://law.justia.com/cases/federal/district-courts/california/cacdce/2:2022cv04252/855258/284/	May 20, 2026	2:2022cv04252
Pulte Home Company, LLC v. HDI Global Specialty SE et al	https://law.justia.com/cases/federal/district-courts/california/cacdce/2:2024cv02191/918660/307/	May 20, 2026	2:2024cv02191
Anna Manvelyan v. James Janecka et al	https://law.justia.com/cases/federal/district-courts/california/cacdce/5:2026cv02407/1018976/14/	May 19, 2026	5:2026cv02407
Milagro Beatriz Eraso-Saravia v. Warden of the Adelanto Ice Processing Center	https://law.justia.com/cases/federal/district-courts/california/cacdce/5:2026cv01321/1012812/11/	May 19, 2026	5:2026cv01321
Maryuri de los Angeles Vallecillo Zepeda v. Mullin et al	https://law.justia.com/cases/federal/district-courts/california/cacdce/2:2026cv05012/1019382/11/	May 18, 2026	2:2026cv05012
Nancy Fabiola Lopez Garcia v Warden, Adelanto Detention Facility et al	https://law.justia.com/cases/federal/district-courts/california/cacdce/5:2026cv00583/1005950/12/	May 18, 2026	5:2026cv00583
Xiaoming Yang v. Field Office Director Los Angeles et al	https://law.justia.com/cases/federal/district-courts/california/cacdce/5:2026cv02334/1018576/9/	May 18, 2026	5:2026cv02334
Morgan Stanley Smith Barney LLC et al v. Henry Chang	https://law.justia.com/cases/federal/district-courts/california/cacdce/2:2025cv04359/970533/27/	May 18, 2026	2:2025cv04359
Gerson Morales Garcia v. Markwayne Mullin et al	https://law.justia.com/cases/federal/district-courts/california/cacdce/5:2026cv01878/1015824/15/	May 18, 2026	5:2026cv01878
Artur Badalyan v. Pamela Bondi et al	https://law.justia.com/cases/federal/district-courts/california/cacdce/5:2026cv01401/1012220/14/	May 15, 2026	5:2026cv01401
Lorena Niebla v. Mintz Levin Cohn Ferris Glovsky and Popeo, et al.,	https://law.justia.com/cases/federal/district-courts/california/cacdce/8:2026cv00870/1014833/28/	May 15, 2026	8:2026cv00870
Artur Badalyan v. Pamela Bondi et al	https://law.justia.com/cases/federal/district-courts/california/cacdce/5:2026cv01401/1012220/15/	May 15, 2026	5:2026cv01401
Lexus Thomeka Ray v. City of Orange Police Dept et al	https://law.justia.com/cases/federal/district-courts/california/cacdce/2:2024cv08456/943595/29/	May 15, 2026	2:2024cv08456
A.K.A. Brands Holding Corp. et al v. Bahari et al	https://law.justia.com/cases/federal/district-courts/california/cacdce/2:2025cv00901/956205/265/	May 14, 2026	2:2025cv00901
Behzad Bolourchi v. Todd M. Lyons et al	https://law.justia.com/cases/federal/district-courts/california/cacdce/5:2026cv00791/1007254/20/	May 14, 2026	5:2026cv00791
Iuliia Pavlova v. Markwayne Mullin et al	https://law.justia.com/cases/federal/district-courts/california/cacdce/5:2026cv01756/1014740/10/	May 13, 2026	5:2026cv01756
Naton Aviv Vernier-Candiotti v. Department of Conservation	https://law.justia.com/cases/federal/district-courts/california/cacdce/2:2024cv09146/945769/84/	May 13, 2026	2:2024cv09146
Apple Valley Ridge Estates Homeowners Association v. Ashka Patel et al	https://law.justia.com/cases/federal/district-courts/california/cacdce/5:2026cv00922/1008480/19/	May 12, 2026	5:2026cv00922
Thomas Lavia et al v. The Standard Fire Insurance Company et al	https://law.justia.com/cases/federal/district-courts/california/cacdce/2:2026cv03060/1011819/34/	May 12, 2026	2:2026cv03060
James Eugene Winn v. Frank Bisignano	https://law.justia.com/cases/federal/district-courts/california/cacdce/5:2025cv00872/965387/22/	May 12, 2026	5:2025cv00872
Faraji Hamisi Teichmann v. Department of Homeland Security	https://law.justia.com/cases/federal/district-courts/california/cacdce/5:2026cv00390/1004595/27/	May 12, 2026	5:2026cv00390
Morning Star, LLC v. Keith B. Canter et al	https://law.justia.com/cases/federal/district-courts/california/cacdce/2:2022cv04973/857740/308/	May 11, 2026	2:2022cv04973
Grace Proudfoot et al v. Nissan North America, Inc. et al	https://law.justia.com/cases/federal/district-courts/california/cacdce/2:2025cv09115/988361/50/	May 11, 2026	2:2025cv09115
Jason Killinger v. United Parcel Service, Inc.	https://law.justia.com/cases/federal/district-courts/california/cacdce/2:2026cv01574/1006757/21/	May 11, 2026	2:2026cv01574
Assadourian v. Secretary of Homeland Security et al	https://law.justia.com/cases/federal/district-courts/california/cacdce/5:2026cv02184/1017543/15/	May 8, 2026	5:2026cv02184
Vivek Shah v. Capital One N.A.	https://law.justia.com/cases/federal/district-courts/california/cacdce/2:2024cv07528/939847/89/	May 7, 2026	2:2024cv07528
DIVX, LLC v. Netflix, Inc.	https://law.justia.com/cases/federal/district-courts/california/cacdce/2:2019cv01602/738825/1197/	May 7, 2026	2:2019cv01602
Ricardo Yearwood v. Gifted Youth, LLC et al	https://law.justia.com/cases/federal/district-courts/california/cacdce/2:2025cv11733/998893/32/	May 7, 2026	2:2025cv11733
Securities and Exchange Commission v. Robert Newell et al	https://law.justia.com/cases/federal/district-courts/california/cacdce/5:2024cv01524/934227/60/	May 7, 2026	5:2024cv01524
Natalie Haddad v. Circle K Stores, Inc. et al	https://law.justia.com/cases/federal/district-courts/california/cacdce/5:2026cv00810/1007539/22/	May 7, 2026	5:2026cv00810
Anh Khanh Nguyen v. Unknown Warden	https://law.justia.com/cases/federal/district-courts/california/cacdce/5:2026cv02099/1017202/9/	May 7, 2026	5:2026cv02099
Efrain Sandoval-Arellano et al v. Markwayne Mullin et al	https://law.justia.com/cases/federal/district-courts/california/cacdce/5:2026cv02100/1017114/10/	May 7, 2026	5:2026cv02100
The California Endowment v. Radnor Specialty Insurance Company	https://law.justia.com/cases/federal/district-courts/california/cacdce/2:2025cv06891/980842/33/	May 6, 2026	2:2025cv06891
Guy Lee West v. Costco Wholesale Corporation et al	https://law.justia.com/cases/federal/district-courts/california/cacdce/2:2025cv11720/998849/15/	May 6, 2026	2:2025cv11720
J. Smith Corporation et al v. SAI Business Solutions, LLC et al	https://law.justia.com/cases/federal/district-courts/california/cacdce/2:2026cv02101/1008668/55/	May 6, 2026	2:2026cv02101
Winter Abrams v. Frank Bisignano	https://law.justia.com/cases/federal/district-courts/california/cacdce/5:2025cv02016/981780/16/	May 6, 2026	5:2025cv02016
Kacey Alexis Jordan v. Frank Bisignano	https://law.justia.com/cases/federal/district-courts/california/cacdce/5:2025cv01125/969685/28/	May 6, 2026	5:2025cv01125
Winter Abrams v. Frank Bisignano	https://law.justia.com/cases/federal/district-courts/california/cacdce/5:2025cv02016/981780/17/	May 6, 2026	5:2025cv02016
The California Endowment v. Radnor Specialty Insurance Company	https://law.justia.com/cases/federal/district-courts/california/cacdce/2:2025cv06891/980842/34/	May 6, 2026	2:2025cv06891
Emilio Santamaria v. Commissioner of Social Security	https://law.justia.com/cases/federal/district-courts/california/cacdce/2:2025cv09799/990798/19/	May 6, 2026	2:2025cv09799
Cesar Tomas Avalos v. General Motors LLC	https://law.justia.com/cases/federal/district-courts/california/cacdce/2:2025cv11434/997648/17/	May 6, 2026	2:2025cv11434
Milagro Beatriz Eraso-Saravia v. Warden of the Adelanto Ice Processing Center	https://law.justia.com/cases/federal/district-courts/california/cacdce/5:2026cv01321/1012812/10/	May 6, 2026	5:2026cv01321
Jason Lawrence Stava v. Frank Bisignano	https://law.justia.com/cases/federal/district-courts/california/cacdce/5:2025cv02666/990308/21/	May 6, 2026	5:2025cv02666
Terry Ruth Sealey v. Frank Bisignano	https://law.justia.com/cases/federal/district-courts/california/cacdce/2:2025cv05800/976195/22/	May 6, 2026	2:2025cv05800
Vanya Sabrina Posada v. Frank Bisignano	https://law.justia.com/cases/federal/district-courts/california/cacdce/2:2025cv04674/971728/20/	May 5, 2026	2:2025cv04674
Vanya Sabrina Posada v. Frank Bisignano	https://law.justia.com/cases/federal/district-courts/california/cacdce/2:2025cv04674/971728/19/	May 5, 2026	2:2025cv04674
Jordan Robert Iwaszewski et al v. Palace Entertainment Holdings LLC et al	https://law.justia.com/cases/federal/district-courts/california/cacdce/2:2026cv01656/1006987/24/	May 5, 2026	2:2026cv01656
First-Citizen Bank and Trust Company v. K and H Care LLC et al	https://law.justia.com/cases/federal/district-courts/california/cacdce/2:2025cv07480/982585/26/	May 5, 2026	2:2025cv07480
Securities and Exchange Commission v. Vivera Pharmaceuticals, Inc. et al	https://law.justia.com/cases/federal/district-courts/california/cacdce/8:2022cv01792/864236/120/	May 5, 2026	8:2022cv01792
Securities and Exchange Commission v. Vivera Pharmaceuticals, Inc. et al	https://law.justia.com/cases/federal/district-courts/california/cacdce/8:2022cv01792/864236/121/	May 5, 2026	8:2022cv01792
Securities and Exchange Commission v. Vivera Pharmaceuticals, Inc. et al	https://law.justia.com/cases/federal/district-courts/california/cacdce/8:2022cv01792/864236/119/	May 5, 2026	8:2022cv01792
Patrick Ford v. California Department of Correction and Rehabilitation et al	https://law.justia.com/cases/federal/district-courts/california/cacdce/2:2025cv03081/965700/26/	May 5, 2026	2:2025cv03081
Juan Garcia v. Wal-Mart Stores, Inc., et al	https://law.justia.com/cases/federal/district-courts/california/cacdce/5:2016cv01645/654404/251/	May 5, 2026	5:2016cv01645
First-Citizen Bank and Trust Company v. K and H Care LLC et al	https://law.justia.com/cases/federal/district-courts/california/cacdce/2:2025cv07480/982585/25/	May 4, 2026	2:2025cv07480
Joline Ornelas v. Parts Authority Metro LLC et al	https://law.justia.com/cases/federal/district-courts/california/cacdce/5:2025cv03450/1000152/27/	May 4, 2026	5:2025cv03450
Paul Elliott Trustee of The Spencer Elliott Living Trust v. Securities and Exchange Commission	https://law.justia.com/cases/federal/district-courts/california/cacdce/2:2025cv09062/988078/45/	May 1, 2026	2:2025cv09062
Jilian Morris v. Mercedes-Benz USA, LLC	https://law.justia.com/cases/federal/district-courts/california/cacdce/2:2025cv11665/998576/16/	April 30, 2026	2:2025cv11665
Claudia Patricia Coronado v. Nissan North America, Inc. et al	https://law.justia.com/cases/federal/district-courts/california/cacdce/5:2025cv02658/990213/14/	April 30, 2026	5:2025cv02658
Paul Frank Limited v. Grand Union International Trading Limited	https://law.justia.com/cases/federal/district-courts/california/cacdce/2:2025cv11415/997503/30/	April 30, 2026	2:2025cv11415
Floyd Lang v. Raul Morales	https://law.justia.com/cases/federal/district-courts/california/cacdce/5:2025cv01100/970393/32/	April 29, 2026	5:2025cv01100
Tekoma Chaney v. Transdev Services Inc.	https://law.justia.com/cases/federal/district-courts/california/cacdce/2:2024cv10761/951252/47/	April 29, 2026	2:2024cv10761
Vistancia MP LLC et al v. Wilmington Trust, National Association	https://law.justia.com/cases/federal/district-courts/california/cacdce/2:2025cv09819/990866/34/	April 29, 2026	2:2025cv09819
Abd Eid Younan Matta v. Kristi Noem et al	https://law.justia.com/cases/federal/district-courts/california/cacdce/5:2026cv00344/1004105/20/	April 29, 2026	5:2026cv00344
Tekoma Chaney v. Transdev Services Inc.	https://law.justia.com/cases/federal/district-courts/california/cacdce/2:2024cv10761/951252/46/	April 28, 2026	2:2024cv10761
Bastiat USA, Inc. v. Shein Distribution Corp. et al	https://law.justia.com/cases/federal/district-courts/california/cacdce/2:2025cv05701/975659/33/	April 28, 2026	2:2025cv05701
Securities and Exchange Commission v. Brendan Matthew Ross	https://law.justia.com/cases/federal/district-courts/california/cacdce/2:2020cv07202/791076/35/	April 28, 2026	2:2020cv07202
Levon Pogosian v. Ernesto Santacruz, Jr. et al	https://law.justia.com/cases/federal/district-courts/california/cacdce/5:2026cv00540/1005685/20/	April 28, 2026	5:2026cv00540
Mirzaelian Shahab v. D. Marin et al	https://law.justia.com/cases/federal/district-courts/california/cacdce/5:2026cv01851/1015862/13/	April 28, 2026	5:2026cv01851
Porfirio Perez v. Old Dominion Freight Line, Inc. et al	https://law.justia.com/cases/federal/district-courts/california/cacdce/5:2025cv02702/990905/19/	April 28, 2026	5:2025cv02702
Maria G. Garcia Mora v. General Motors LLC et al	https://law.justia.com/cases/federal/district-courts/california/cacdce/2:2025cv06939/980938/31/	April 28, 2026	2:2025cv06939
Jose Romo v. General Motors LLC et al	https://law.justia.com/cases/federal/district-courts/california/cacdce/2:2025cv06808/980608/29/	April 28, 2026	2:2025cv06808
Securities and Exchange Commissions v. David P. Ortiz et al	https://law.justia.com/cases/federal/district-courts/california/cacdce/2:2025cv08610/986669/27/	April 27, 2026	2:2025cv08610
Securities and Exchange Commissions v. David P. Ortiz et al	https://law.justia.com/cases/federal/district-courts/california/cacdce/2:2025cv08610/986669/26/	April 27, 2026	2:2025cv08610
Lagree Fitness, Inc. et al v. Studio Physique, LLC et al	https://law.justia.com/cases/federal/district-courts/california/cacdce/2:2025cv10834/995252/34/	April 24, 2026	2:2025cv10834
The Old Custom House, Inc. v. CCC PSC Owner, LLC et al	https://law.justia.com/cases/federal/district-courts/california/cacdce/2:2025cv08814/987312/40/	April 24, 2026	2:2025cv08814
John Walter Escobar Trujillo v. Daniel Beck et al	https://law.justia.com/cases/federal/district-courts/california/cacdce/5:2026cv01312/1011587/24/	April 24, 2026	5:2026cv01312
Lushu Wang et al v. David Marin et al	https://law.justia.com/cases/federal/district-courts/california/cacdce/5:2026cv01910/1016051/8/	April 24, 2026	5:2026cv01910
Christopher Andrew Nelson v. Officer Sixt et al	https://law.justia.com/cases/federal/district-courts/california/cacdce/2:2024cv11161/953074/42/	April 23, 2026	2:2024cv11161
Christopher Andrew Nelson v. Officer Sixt et al	https://law.justia.com/cases/federal/district-courts/california/cacdce/2:2024cv11161/953074/41/	April 23, 2026	2:2024cv11161
Ali Mokhtari et al. v. Newrez LLC et al	https://law.justia.com/cases/federal/district-courts/california/cacdce/2:2025cv05687/975623/36/	April 23, 2026	2:2025cv05687
Claudia Alvarado v. Charter Communications, LLC et al	https://law.justia.com/cases/federal/district-courts/california/cacdce/2:2026cv01813/1007545/19/	April 23, 2026	2:2026cv01813
Alan Michael Sosa Alarcon v. Mark Bowen et al	https://law.justia.com/cases/federal/district-courts/california/cacdce/5:2026cv00204/1003012/43/	April 23, 2026	5:2026cv00204
Binh Thanh Nguyen v. Mark Bowen et al	https://law.justia.com/cases/federal/district-courts/california/cacdce/5:2026cv01809/1015117/12/	April 22, 2026	5:2026cv01809
Anthony Gil v. Frank Bisignano	https://law.justia.com/cases/federal/district-courts/california/cacdce/8:2025cv00430/960709/27/	April 22, 2026	8:2025cv00430
Anthony Gil v. Frank Bisignano	https://law.justia.com/cases/federal/district-courts/california/cacdce/8:2025cv00430/960709/28/	April 22, 2026	8:2025cv00430
Karla Hernandez v. Mike Randazzo et al	https://law.justia.com/cases/federal/district-courts/california/cacdce/2:2026cv02297/1009339/18/	April 21, 2026	2:2026cv02297
GoTV Streaming, LLC v. Netflix, Inc.	https://law.justia.com/cases/federal/district-courts/california/cacdce/2:2022cv07556/865513/489/	April 21, 2026	2:2022cv07556
Gary S. Hann v. Francis P. Sakaya et al	https://law.justia.com/cases/federal/district-courts/california/cacdce/5:2025cv01950/981782/37/	April 21, 2026	5:2025cv01950
EPD Investment Company, LLC et al v. Cal-West Equities, Inc.	https://law.justia.com/cases/federal/district-courts/california/cacdce/2:2025cv08036/986025/20/	April 17, 2026	2:2025cv08036
Bianka Teresa Valverde Cantillo v. Warden, Adelanto Detention Facility	https://law.justia.com/cases/federal/district-courts/california/cacdce/5:2026cv01200/1010943/15/	April 17, 2026	5:2026cv01200
Take Two Interactive Software, Inc. et al v. Playerauctions, Inc. et al	https://law.justia.com/cases/federal/district-courts/california/cacdce/2:2025cv01880/960414/73/	April 16, 2026	2:2025cv01880
Naeem Azad et al v. Caitlyn Jenner et al	https://law.justia.com/cases/federal/district-courts/california/cacdce/2:2024cv09768/948061/102/	April 16, 2026	2:2024cv09768
SBH Holdings LLC v. Amazon Seller using ASIN B003UNOY7Y	https://law.justia.com/cases/federal/district-courts/california/cacdce/2:2025cv08803/987297/30/	April 16, 2026	2:2025cv08803
Tanesia Tramell v. Santander Consumer USA Inc. et al	https://law.justia.com/cases/federal/district-courts/california/cacdce/2:2025cv10902/995442/43/	April 15, 2026	2:2025cv10902
Matthew William Jones v. Frank Bisignano	https://law.justia.com/cases/federal/district-courts/california/cacdce/5:2025cv03244/997995/16/	April 15, 2026	5:2025cv03244
Julian A. Meraz v. Republic National Distributing Company, LLC et al	https://law.justia.com/cases/federal/district-courts/california/cacdce/2:2025cv12199/1000611/26/	April 14, 2026	2:2025cv12199
Oscar Aguilar v. Chad Bianco	https://law.justia.com/cases/federal/district-courts/california/cacdce/5:2025cv00561/960650/25/	April 13, 2026	5:2025cv00561
Kevin Scott Abrego v. Frank Bisignano	https://law.justia.com/cases/federal/district-courts/california/cacdce/2:2025cv09005/987870/21/	April 13, 2026	2:2025cv09005
Lesly Esmeralda Morejon Gonzalez v. Acting Warden of the Adelanto Detention Center et al	https://law.justia.com/cases/federal/district-courts/california/cacdce/5:2026cv01348/1011843/15/	April 13, 2026	5:2026cv01348
Alfredo Gonzalez v. Soho House West Hollywood LLC et al	https://law.justia.com/cases/federal/district-courts/california/cacdce/2:2025cv12252/1000731/23/	April 13, 2026	2:2025cv12252
Sharon Hoffman et al v. Goli Nutrition, Inc. et al	https://law.justia.com/cases/federal/district-courts/california/cacdce/2:2023cv06597/894792/473/	April 13, 2026	2:2023cv06597
Monti Kumar v. Warden of the Desert View Facility et al	https://law.justia.com/cases/federal/district-courts/california/cacdce/5:2026cv00709/1006802/19/	April 9, 2026	5:2026cv00709
Jose Batista Aguilera v. Warden of the Adelanto Detention Center et al	https://law.justia.com/cases/federal/district-courts/california/cacdce/5:2026cv01258/1011255/16/	April 9, 2026	5:2026cv01258
Tekoma Chaney v. Transdev Services Inc.	https://law.justia.com/cases/federal/district-courts/california/cacdce/2:2024cv10761/951252/42/	April 9, 2026	2:2024cv10761
Matthew R. Walsh v. Rokoko Electronics et al	https://law.justia.com/cases/federal/district-courts/california/cacdce/2:2025cv05340/974242/165/	April 9, 2026	2:2025cv05340
Naira Ghorkhmazyan v. Markwayne Mullin et al	https://law.justia.com/cases/federal/district-courts/california/cacdce/2:2026cv03457/1013435/16/	April 8, 2026	2:2026cv03457
Securities and Exchange Commission v. Kevin Richards	https://law.justia.com/cases/federal/district-courts/california/cacdce/8:2025cv02057/986672/20/	April 7, 2026	8:2025cv02057
Rejenna D. Marshall v. Frank Bisignano	https://law.justia.com/cases/federal/district-courts/california/cacdce/5:2025cv01153/970020/15/	April 6, 2026	5:2025cv01153
Kennard Sterling Baker v. Michelle King	https://law.justia.com/cases/federal/district-courts/california/cacdce/8:2025cv00520/962472/17/	April 6, 2026	8:2025cv00520
Modern Floor Specialists, Inc. et al v. City of Los Angeles et al	https://law.justia.com/cases/federal/district-courts/california/cacdce/2:2025cv04765/972130/48/	April 3, 2026	2:2025cv04765
Sarahi Guadalupe Lopez v. CVS Pharmacy, Inc. et al	https://law.justia.com/cases/federal/district-courts/california/cacdce/2:2026cv00270/1002165/15/	April 3, 2026	2:2026cv00270
Paul Anthony Valenzuela v. Leland Dudek	https://law.justia.com/cases/federal/district-courts/california/cacdce/5:2025cv00514/959529/16/	March 31, 2026	5:2025cv00514
Chau Nhu Le Tri v. D. Marin et al	https://law.justia.com/cases/federal/district-courts/california/cacdce/5:2026cv00893/1008218/17/	March 31, 2026	5:2026cv00893
Bradley Kyle Burnett v. Carolyn Colvin	https://law.justia.com/cases/federal/district-courts/california/cacdce/2:2024cv10702/951077/19/	March 31, 2026	2:2024cv10702
Alan Michael Sosa Alarcon v. Mark Bowen et al	https://law.justia.com/cases/federal/district-courts/california/cacdce/5:2026cv00204/1003012/38/	March 31, 2026	5:2026cv00204
Stephen King v. Eden Relocation, Inc. et al	https://law.justia.com/cases/federal/district-courts/california/cacdce/2:2026cv01408/1006280/14/	March 31, 2026	2:2026cv01408
Willette L. Mathews v. Michelle King	https://law.justia.com/cases/federal/district-courts/california/cacdce/5:2024cv02620/950833/21/	March 31, 2026	5:2024cv02620
Khine Kyaw v. Leland Dudek	https://law.justia.com/cases/federal/district-courts/california/cacdce/8:2025cv00448/961076/20/	March 31, 2026	8:2025cv00448
Gustavo Alejandro Hernandez-Magana v. Michelle King	https://law.justia.com/cases/federal/district-courts/california/cacdce/2:2025cv01135/957115/16/	March 31, 2026	2:2025cv01135
Brian Glenreginald McNeil v. Leland Dudek	https://law.justia.com/cases/federal/district-courts/california/cacdce/2:2025cv01910/960455/20/	March 31, 2026	2:2025cv01910
Dennis Juan Carlos Villanueva v. Michelle King	https://law.justia.com/cases/federal/district-courts/california/cacdce/5:2025cv00610/960965/16/	March 31, 2026	5:2025cv00610
Anthony Fuschillo v. Lee Dudek	https://law.justia.com/cases/federal/district-courts/california/cacdce/2:2025cv01564/959194/23/	March 31, 2026	2:2025cv01564
Alicia Figueroa v. Michelle King	https://law.justia.com/cases/federal/district-courts/california/cacdce/2:2025cv01594/959302/22/	March 30, 2026	2:2025cv01594
Leobardo Espinoza v. Commissioner of Social Security	https://law.justia.com/cases/federal/district-courts/california/cacdce/2:2025cv01065/956792/21/	March 30, 2026	2:2025cv01065
Leobardo Espinoza v. Commissioner of Social Security	https://law.justia.com/cases/federal/district-courts/california/cacdce/2:2025cv01065/956792/22/	March 30, 2026	2:2025cv01065
Serrita R. Santa Ana v. Commissioner of Social Security Administration	https://law.justia.com/cases/federal/district-courts/california/cacdce/8:2024cv02563/949204/20/	March 30, 2026	8:2024cv02563
Roseann Castillo v. Michelle King	https://law.justia.com/cases/federal/district-courts/california/cacdce/5:2024cv01547/934577/30/	March 30, 2026	5:2024cv01547
Leticia Jessica Sneed v. Carolyn Colvin	https://law.justia.com/cases/federal/district-courts/california/cacdce/2:2025cv00131/953405/17/	March 30, 2026	2:2025cv00131
Rickey Spivey, Jr. v. Mylles	https://law.justia.com/cases/federal/district-courts/california/cacdce/5:2024cv01536/934607/37/	March 30, 2026	5:2024cv01536
Jennifer Lynn McMurrain v. Michelle King	https://law.justia.com/cases/federal/district-courts/california/cacdce/2:2024cv09056/945459/26/	March 30, 2026	2:2024cv09056
Roseann Castillo v. Michelle King	https://law.justia.com/cases/federal/district-courts/california/cacdce/5:2024cv01547/934577/29/	March 30, 2026	5:2024cv01547
Alana Farrah Schnee v. Michelle King	https://law.justia.com/cases/federal/district-courts/california/cacdce/2:2024cv09204/945964/12/	March 30, 2026	2:2024cv09204
Amarri Desire Butler v. Martin O'Malley	https://law.justia.com/cases/federal/district-courts/california/cacdce/2:2024cv10371/950073/16/	March 28, 2026	2:2024cv10371
Marcos Garibaldo Ramirez v. General Motors LLC et al	https://law.justia.com/cases/federal/district-courts/california/cacdce/2:2025cv11430/997614/25/	March 27, 2026	2:2025cv11430
Shalomith Reed v. Mercedes-Benz USA, LLC et al	https://law.justia.com/cases/federal/district-courts/california/cacdce/2:2026cv00453/1002822/19/	March 27, 2026	2:2026cv00453
Carlos Perez Gonzalez v. FXI, Inc. et al	https://law.justia.com/cases/federal/district-courts/california/cacdce/8:2025cv00721/965305/31/	March 27, 2026	8:2025cv00721
Luis Enrique Cano v. Federal Bureau of Investigation of the United States of America et al	https://law.justia.com/cases/federal/district-courts/california/cacdce/2:2025cv05444/974563/34/	March 26, 2026	2:2025cv05444
Luiz E Lima De Moraes v. Greyhound Lines, Inc. et al	https://law.justia.com/cases/federal/district-courts/california/cacdce/2:2023cv06764/895478/89/	March 26, 2026	2:2023cv06764
Michael D Terani v. General Motors LLC ET AL	https://law.justia.com/cases/federal/district-courts/california/cacdce/2:2026cv00479/1002921/27/	March 25, 2026	2:2026cv00479
Marine Amikhanyan et al v. Laurie Selber Silverstein et al	https://law.justia.com/cases/federal/district-courts/california/cacdce/2:2025cv07794/984117/71/	March 25, 2026	2:2025cv07794
Carl Nersesian et al v. Federal Insurance Company et al	https://law.justia.com/cases/federal/district-courts/california/cacdce/2:2025cv05012/973086/32/	March 25, 2026	2:2025cv05012
Hirose Enterprises, LLC v. John Holiday et al	https://law.justia.com/cases/federal/district-courts/california/cacdce/2:2025cv06973/981164/61/	March 25, 2026	2:2025cv06973
Galt Hotel, LLC v. General Motors LLC	https://law.justia.com/cases/federal/district-courts/california/cacdce/2:2025cv07958/984201/23/	March 25, 2026	2:2025cv07958
Kai Liu et al v. Sealy Inc. et al	https://law.justia.com/cases/federal/district-courts/california/cacdce/2:2024cv05490/931814/73/	March 25, 2026	2:2024cv05490
Nyia Marjani Finney v. Federal Express Corporation et al	https://law.justia.com/cases/federal/district-courts/california/cacdce/2:2025cv08846/987403/22/	March 25, 2026	2:2025cv08846
Donald Smith v. Home Depot U.S.A., Inc.	https://law.justia.com/cases/federal/district-courts/california/cacdce/2:2025cv03270/965965/23/	March 25, 2026	2:2025cv03270
Milksongs et al v. Costello, LLC et al	https://law.justia.com/cases/federal/district-courts/california/cacdce/8:2024cv02231/944670/41/	March 25, 2026	8:2024cv02231
Glenn Kesselman v. Toyota Motor Sales, U.S.A., Inc. et al	https://law.justia.com/cases/federal/district-courts/california/cacdce/2:2021cv06010/826727/195/	March 24, 2026	2:2021cv06010
Mario Antonio Ruiz v. Frank Bisignano	https://law.justia.com/cases/federal/district-courts/california/cacdce/2:2025cv04391/970674/16/	March 24, 2026	2:2025cv04391
Mario Antonio Ruiz v. Frank Bisignano	https://law.justia.com/cases/federal/district-courts/california/cacdce/2:2025cv04391/970674/17/	March 24, 2026	2:2025cv04391
Kellee Marie Lengyel v. Frank Bisignano	https://law.justia.com/cases/federal/district-courts/california/cacdce/2:2025cv07675/983237/17/	March 24, 2026	2:2025cv07675
Clinton Brown v. Clark R. Taylor	https://law.justia.com/cases/federal/district-courts/california/cacdce/2:2022cv09203/871097/209/	March 24, 2026	2:2022cv09203
Melissa Melton v. Leland Dudek	https://law.justia.com/cases/federal/district-courts/california/cacdce/5:2024cv02696/952521/18/	March 24, 2026	5:2024cv02696
HKM Enterprises, Inc. v. Parsons Government Services, Inc. et al	https://law.justia.com/cases/federal/district-courts/california/cacdce/2:2023cv10592/909095/91/	March 24, 2026	2:2023cv10592
Stacy Albert v. Microsoft Corporation et al	https://law.justia.com/cases/federal/district-courts/california/cacdce/8:2025cv02642/996900/33/	March 23, 2026	8:2025cv02642
James M. Murray v. B. Birkholz	https://law.justia.com/cases/federal/district-courts/california/cacdce/2:2025cv03268/966331/34/	March 23, 2026	2:2025cv03268
Securities and Exchange Commission v. Aggarwal et al	https://law.justia.com/cases/federal/district-courts/california/cacdce/2:2015cv06460/626273/195/	March 20, 2026	2:2015cv06460
Yuzef Yunosovich Abramov v. United States of America	https://law.justia.com/cases/federal/district-courts/california/cacdce/2:2020cv09173/797455/43/	March 20, 2026	2:2020cv09173
Fubon Insurance Co, Ltd. v. Platinum Cargo Logistics Inc	https://law.justia.com/cases/federal/district-courts/california/cacdce/2:2024cv07211/938486/39/	March 20, 2026	2:2024cv07211
Jennifer Rittenhouse Snoddy v. Teema et al	https://law.justia.com/cases/federal/district-courts/california/cacdce/2:2025cv08722/986977/33/	March 20, 2026	2:2025cv08722
Samuel Perez v. Joshua Prudhel	https://law.justia.com/cases/federal/district-courts/california/cacdce/2:2025cv01587/959337/11/	March 19, 2026	2:2025cv01587
Andranik Pashayan v. Nissan North America, Inc et al	https://law.justia.com/cases/federal/district-courts/california/cacdce/2:2026cv00343/1002424/16/	March 18, 2026	2:2026cv00343
Jim Clemmens et al v. American Honda Motor Company, Inc.	https://law.justia.com/cases/federal/district-courts/california/cacdce/2:2024cv09728/947826/51/	March 18, 2026	2:2024cv09728
Zinus, Inc. et al v. Foshan Aiyi Family Article Co., Ltd. et al	https://law.justia.com/cases/federal/district-courts/california/cacdce/8:2024cv00247/913881/127/	March 18, 2026	8:2024cv00247
In Re Giang Thanh Dong et al	https://law.justia.com/cases/federal/district-courts/california/cacdce/8:2025cv02204/990357/22/	March 18, 2026	8:2025cv02204
Grigor Vardevaryan v. State Farm General Insurance Company et al	https://law.justia.com/cases/federal/district-courts/california/cacdce/2:2025cv08661/986816/23/	March 17, 2026	2:2025cv08661
Derek Penn v. Team Industrial Services, Inc. et al	https://law.justia.com/cases/federal/district-courts/california/cacdce/2:2025cv11927/999915/13/	March 17, 2026	2:2025cv11927
Frank Edward Peters II et al v. Lori Pozuelos et al	https://law.justia.com/cases/federal/district-courts/california/cacdce/5:2025cv02543/989153/13/	March 17, 2026	5:2025cv02543
Frank Edward Peters, II et al v. American Family Life Assurance Company of Columbus (AFLAC) et al	https://law.justia.com/cases/federal/district-courts/california/cacdce/5:2025cv02541/990239/12/	March 17, 2026	5:2025cv02541
Frank Peters v. San Bernardino County Sheriffs Department et al	https://law.justia.com/cases/federal/district-courts/california/cacdce/5:2025cv02544/989181/14/	March 17, 2026	5:2025cv02544
Brandon Henderson v. City of Los Angeles et al	https://law.justia.com/cases/federal/district-courts/california/cacdce/2:2024cv10938/952322/24/	March 16, 2026	2:2024cv10938
David Michael Phillips v. Martin O'Malley	https://law.justia.com/cases/federal/district-courts/california/cacdce/8:2024cv02181/943951/22/	March 16, 2026	8:2024cv02181
David Michael Phillips v. Martin O'Malley	https://law.justia.com/cases/federal/district-courts/california/cacdce/8:2024cv02181/943951/21/	March 16, 2026	8:2024cv02181
Bjorn Erik Haapaniemi v. Federal Bureau of Prisons Director Acting Warden	https://law.justia.com/cases/federal/district-courts/california/cacdce/2:2025cv05377/974669/41/	March 16, 2026	2:2025cv05377
Bjorn Erik Haapaniemi v. Federal Bureau of Prisons Director Acting Warden	https://law.justia.com/cases/federal/district-courts/california/cacdce/2:2025cv05377/974669/43/	March 16, 2026	2:2025cv05377
Longina Perez Monroy et al v. County of Riverside et al	https://law.justia.com/cases/federal/district-courts/california/cacdce/5:2021cv01278/827166/247/	March 16, 2026	5:2021cv01278
Securities and Exchange Commission v. American Patriot Brands, Inc. et al	https://law.justia.com/cases/federal/district-courts/california/cacdce/2:2023cv05379/892050/139/	March 13, 2026	2:2023cv05379
Coleman Environmental Engineering, Inc. v. Payroll Vault Franchising, LLC et al	https://law.justia.com/cases/federal/district-courts/california/cacdce/8:2025cv01063/970912/66/	March 13, 2026	8:2025cv01063
Lugano Diamonds and Jewelry, Inc. v. Mordechai Ferder et al	https://law.justia.com/cases/federal/district-courts/california/cacdce/8:2025cv02845/1000828/32/	March 13, 2026	8:2025cv02845
David Ferrer Arroyo v. Albertsons Companies Inc. et al	https://law.justia.com/cases/federal/district-courts/california/cacdce/2:2024cv08935/944957/61/	March 12, 2026	2:2024cv08935
Gerardo Cabanillas v. City of South Gate et al	https://law.justia.com/cases/federal/district-courts/california/cacdce/2:2024cv08027/941496/177/	March 12, 2026	2:2024cv08027
Claude Atalla v. General Motors LLC et al	https://law.justia.com/cases/federal/district-courts/california/cacdce/2:2025cv08103/984740/24/	March 11, 2026	2:2025cv08103
Elisa Delboux Antunes v. Irene Martin et al	https://law.justia.com/cases/federal/district-courts/california/cacdce/2:2025cv05629/975400/29/	March 11, 2026	2:2025cv05629
Lihua Wei v. Frank J Bisignano	https://law.justia.com/cases/federal/district-courts/california/cacdce/2:2025cv09133/990569/21/	March 10, 2026	2:2025cv09133
Ivan Garcia-Quiros v. Warden et al	https://law.justia.com/cases/federal/district-courts/california/cacdce/5:2026cv00439/1004812/23/	March 10, 2026	5:2026cv00439
Joshua Risley v. The Church of Jesus Christ of Latter Day Saints et al	https://law.justia.com/cases/federal/district-courts/california/cacdce/5:2025cv02249/984870/62/	March 10, 2026	5:2025cv02249
Securities and Exchange Commission v. Stuart Frost et al	https://law.justia.com/cases/federal/district-courts/california/cacdce/8:2019cv01559/755424/217/	March 10, 2026	8:2019cv01559
Tanya Dancekelly et al v. Deloitte LLP et al	https://law.justia.com/cases/federal/district-courts/california/cacdce/2:2023cv04101/885929/64/	March 10, 2026	2:2023cv04101
Jose D. Alcaras Rodriguez v. General Motors, LLC et al	https://law.justia.com/cases/federal/district-courts/california/cacdce/2:2025cv10929/995481/25/	March 9, 2026	2:2025cv10929
Lanell Sewer Jr. v. General Motors LLC	https://law.justia.com/cases/federal/district-courts/california/cacdce/2:2025cv09391/989400/22/	March 9, 2026	2:2025cv09391
Farshid Yassian et al v. Travelers Companies, Inc. et al	https://law.justia.com/cases/federal/district-courts/california/cacdce/2:2025cv10150/992199/26/	March 9, 2026	2:2025cv10150
Douglas Elliott v. Edison International et al	https://law.justia.com/cases/federal/district-courts/california/cacdce/2:2025cv01383/958096/63/	March 6, 2026	2:2025cv01383
City of Torrance v. Hi-Shear Corporation	https://law.justia.com/cases/federal/district-courts/california/cacdce/2:2017cv07732/692189/1317/	March 6, 2026	2:2017cv07732
F.A.L. v. Jaime Rios et al	https://law.justia.com/cases/federal/district-courts/california/cacdce/8:2026cv00354/1007001/15/	March 6, 2026	8:2026cv00354
Corina Cespedes v. McDonalds USA, LLC et al	https://law.justia.com/cases/federal/district-courts/california/cacdce/5:2025cv03603/1001038/18/	March 5, 2026	5:2025cv03603
Vagan Aykaserovich Klyan v. Pamela Bondi et al	https://law.justia.com/cases/federal/district-courts/california/cacdce/5:2026cv00437/1004805/15/	March 5, 2026	5:2026cv00437
Cynthia N. Araujo et al v. General Motors LLC	https://law.justia.com/cases/federal/district-courts/california/cacdce/5:2026cv00012/1001284/17/	March 5, 2026	5:2026cv00012
Ping Zhong v. James Janecka et al	https://law.justia.com/cases/federal/district-courts/california/cacdce/5:2026cv00828/1007695/10/	March 5, 2026	5:2026cv00828
Cesar Romero et al v. City of Sierra Madre et al	https://law.justia.com/cases/federal/district-courts/california/cacdce/2:2024cv10409/950425/41/	March 5, 2026	2:2024cv10409
Megan Trama et al v. RELX PLC et al	https://law.justia.com/cases/federal/district-courts/california/cacdce/2:2024cv03174/922381/104/	March 4, 2026	2:2024cv03174
United States Safeguard Distributors Association, Inc. v. Safeguard Business Systems et al	https://law.justia.com/cases/federal/district-courts/california/cacdce/5:2025cv01240/971418/45/	March 4, 2026	5:2025cv01240
Mercedes Larrea v. Walmart Inc. et al	https://law.justia.com/cases/federal/district-courts/california/cacdce/5:2025cv03091/995955/15/	March 4, 2026	5:2025cv03091
Samuel Ochoa, Jr. v. General Motors LLC et al	https://law.justia.com/cases/federal/district-courts/california/cacdce/2:2025cv11379/997327/22/	March 4, 2026	2:2025cv11379
Jose Luis Suarez Rojas v. Kristi Noem et al	https://law.justia.com/cases/federal/district-courts/california/cacdce/5:2026cv00705/1006795/12/	March 4, 2026	5:2026cv00705
Zoila L. Garnillo Cruz v. Commissioner of Social Security	https://law.justia.com/cases/federal/district-courts/california/cacdce/2:2025cv04945/972762/16/	March 3, 2026	2:2025cv04945
Brian Mowrey v. Martin O Malley	https://law.justia.com/cases/federal/district-courts/california/cacdce/5:2024cv02479/948908/19/	March 3, 2026	5:2024cv02479
Adrienne Love v. Airbnb, Inc. et al	https://law.justia.com/cases/federal/district-courts/california/cacdce/2:2025cv01779/960038/104/	March 3, 2026	2:2025cv01779
Dro Mnatsakanyan v. Fereti Semaia et al	https://law.justia.com/cases/federal/district-courts/california/cacdce/5:2026cv00280/1003610/14/	March 3, 2026	5:2026cv00280
Harshdeep Singh v. Mark Bowen et al	https://law.justia.com/cases/federal/district-courts/california/cacdce/5:2026cv00867/1007944/9/	March 3, 2026	5:2026cv00867
Mendoza Duque et al v. General Motors LLC	https://law.justia.com/cases/federal/district-courts/california/cacdce/2:2026cv00023/1001283/20/	March 3, 2026	2:2026cv00023
Raizel Blumberger v. California Hospital Medical Center et al	https://law.justia.com/cases/federal/district-courts/california/cacdce/2:2022cv06066/861246/67/	March 2, 2026	2:2022cv06066
Priscilla Karidis v. Martin OMalley	https://law.justia.com/cases/federal/district-courts/california/cacdce/2:2024cv09199/945926/15/	March 2, 2026	2:2024cv09199
Calvin Marshall III v. United Airlines Inc et al	https://law.justia.com/cases/federal/district-courts/california/cacdce/8:2025cv01320/975027/36/	March 2, 2026	8:2025cv01320
Mark Liu v. Birkholz	https://law.justia.com/cases/federal/district-courts/california/cacdce/2:2025cv02983/965046/19/	February 27, 2026	2:2025cv02983
Aslan Karginov v. Pamela Bondi et al	https://law.justia.com/cases/federal/district-courts/california/cacdce/5:2026cv00329/1003993/21/	February 27, 2026	5:2026cv00329
Kartik Kumar v. Warden Desert View Annex et al	https://law.justia.com/cases/federal/district-courts/california/cacdce/5:2026cv00593/1006011/8/	February 27, 2026	5:2026cv00593
Zhang Dong v. D. Marin et al	https://law.justia.com/cases/federal/district-courts/california/cacdce/5:2026cv00887/1008211/11/	February 27, 2026	5:2026cv00887
Azadwinder Singh v. David Marin et al	https://law.justia.com/cases/federal/district-courts/california/cacdce/5:2026cv00643/1006451/10/	February 27, 2026	5:2026cv00643
Tiffany Cummings v. AutoZoners, LLC et al	https://law.justia.com/cases/federal/district-courts/california/cacdce/5:2025cv03454/1000200/18/	February 26, 2026	5:2025cv03454
Fariborz Arzani v. Kristi Noem et al	https://law.justia.com/cases/federal/district-courts/california/cacdce/5:2026cv00386/1004446/15/	February 26, 2026	5:2026cv00386
Gary L. Faulk et al v. General Electric Company et al	https://law.justia.com/cases/federal/district-courts/california/cacdce/2:2023cv05132/889734/306/	February 26, 2026	2:2023cv05132
Dongguan Guankun Trading Co., Ltd. et al v. B.C.L. Enterprises Inc. et al	https://law.justia.com/cases/federal/district-courts/california/cacdce/5:2024cv01475/933513/63/	February 26, 2026	5:2024cv01475
City of Torrance v. Hi-Shear Corporation	https://law.justia.com/cases/federal/district-courts/california/cacdce/2:2017cv07732/692189/1294/	February 25, 2026	2:2017cv07732
City of Torrance v. Hi-Shear Corporation	https://law.justia.com/cases/federal/district-courts/california/cacdce/2:2017cv07732/692189/1297/	February 25, 2026	2:2017cv07732
City of Torrance v. Hi-Shear Corporation	https://law.justia.com/cases/federal/district-courts/california/cacdce/2:2017cv07732/692189/1295/	February 25, 2026	2:2017cv07732
City of Torrance v. Hi-Shear Corporation	https://law.justia.com/cases/federal/district-courts/california/cacdce/2:2017cv07732/692189/1299/	February 25, 2026	2:2017cv07732
City of Torrance v. Hi-Shear Corporation	https://law.justia.com/cases/federal/district-courts/california/cacdce/2:2017cv07732/692189/1296/	February 25, 2026	2:2017cv07732
Cameron Parker v. St. Mary Medical Center et al	https://law.justia.com/cases/federal/district-courts/california/cacdce/5:2025cv03257/998086/17/	February 25, 2026	5:2025cv03257
Clinton Glen Crisher v. U.S. Bancorp et al	https://law.justia.com/cases/federal/district-courts/california/cacdce/2:2023cv02963/881922/85/	February 25, 2026	2:2023cv02963
Michele Nicole West-Harvey v. State of California et al	https://law.justia.com/cases/federal/district-courts/california/cacdce/5:2025cv03202/997441/11/	February 25, 2026	5:2025cv03202
Jose Guzman Rodriguez v. Todd Lyons et al	https://law.justia.com/cases/federal/district-courts/california/cacdce/5:2026cv00582/1005949/18/	February 24, 2026	5:2026cv00582
Yi Zheng v. Marin et al	https://law.justia.com/cases/federal/district-courts/california/cacdce/5:2026cv00519/1005557/11/	February 24, 2026	5:2026cv00519
Gregory Futala v. Schindler Elevator Corporation et al	https://law.justia.com/cases/federal/district-courts/california/cacdce/2:2025cv08416/985882/18/	February 24, 2026	2:2025cv08416
Alan Williams v. Raymond Madden	https://law.justia.com/cases/federal/district-courts/california/cacdce/2:2012cv08287/543724/225/	February 24, 2026	2:2012cv08287
Heriberto Calderon Camarillo v. Matrix North American Construction, Inc. et al	https://law.justia.com/cases/federal/district-courts/california/cacdce/5:2025cv03398/999608/27/	February 24, 2026	5:2025cv03398
Rosa Isela Claros v. Leland Dudek	https://law.justia.com/cases/federal/district-courts/california/cacdce/2:2025cv02847/964424/17/	February 23, 2026	2:2025cv02847
Veronica Sanchez v. Kilolo Kijakazi	https://law.justia.com/cases/federal/district-courts/california/cacdce/2:2023cv05717/891685/25/	February 23, 2026	2:2023cv05717
Adekunle Kay Balogun v. Susan Dibbins et al	https://law.justia.com/cases/federal/district-courts/california/cacdce/2:2025cv02413/962942/41/	February 23, 2026	2:2025cv02413
United States of America et al v. Pentel of America Ltd.	https://law.justia.com/cases/federal/district-courts/california/cacdce/2:2025cv01824/960946/23/	February 23, 2026	2:2025cv01824
Ernest Godfrey Logan Jr. v. Wells Fargo Bank	https://law.justia.com/cases/federal/district-courts/california/cacdce/2:2026cv00243/1002421/15/	February 23, 2026	2:2026cv00243
Coyote Logistics, LLC v. Cels Enterprise, Inc.	https://law.justia.com/cases/federal/district-courts/california/cacdce/2:2025cv06913/980903/41/	February 23, 2026	2:2025cv06913
Securities and Exchange Commission v. Titanium Blockchain Infrastructure Services Inc. et al	https://law.justia.com/cases/federal/district-courts/california/cacdce/2:2018cv04315/711552/145/	February 20, 2026	2:2018cv04315
Vishav Pratap Singh v. Kristi Noem et al	https://law.justia.com/cases/federal/district-courts/california/cacdce/2:2026cv01738/1007163/8/	February 20, 2026	2:2026cv01738
Illumidine, Inc. v. Hestan Smart Cooking, Inc. et al	https://law.justia.com/cases/federal/district-courts/california/cacdce/8:2025cv00328/958221/68/	February 20, 2026	8:2025cv00328
Levon Ayrapetov v. David Marin et al	https://law.justia.com/cases/federal/district-courts/california/cacdce/5:2026cv00599/1006104/15/	February 20, 2026	5:2026cv00599
Bronzelink Holdings Limited v. STM Atlantic N.V. et al	https://law.justia.com/cases/federal/district-courts/california/cacdce/2:2025cv06783/980433/39/	February 19, 2026	2:2025cv06783
Pedro Vasquez Perdomo et al v. Kristi Noem et al	https://law.justia.com/cases/federal/district-courts/california/cacdce/2:2025cv05605/975351/419/	February 19, 2026	2:2025cv05605
Yvonne Barbara Alvarado v. General Motors LLC et al	https://law.justia.com/cases/federal/district-courts/california/cacdce/2:2025cv09414/989503/15/	February 19, 2026	2:2025cv09414
Araceli L Hernandez v. Pacific Mountain Logistics, LLC et al	https://law.justia.com/cases/federal/district-courts/california/cacdce/5:2025cv03054/995606/22/	February 18, 2026	5:2025cv03054
Aiyedun v. Autocred, Inc. et al	https://law.justia.com/cases/federal/district-courts/california/cacdce/2:2024cv04341/927490/62/	February 17, 2026	2:2024cv04341
Gorden Phong v. Golden Bank, N.A. et al	https://law.justia.com/cases/federal/district-courts/california/cacdce/2:2025cv11730/998880/16/	February 17, 2026	2:2025cv11730
City of Torrance v. Hi-Shear Corporation	https://law.justia.com/cases/federal/district-courts/california/cacdce/2:2017cv07732/692189/1283/	February 17, 2026	2:2017cv07732
Rosa Arevalo et al v. Cedars-Sinai Medical Center et al	https://law.justia.com/cases/federal/district-courts/california/cacdce/5:2023cv01124/887879/137/	February 15, 2026	5:2023cv01124
Jenell Rivera v. Wal-Mart Associates, Inc. et al	https://law.justia.com/cases/federal/district-courts/california/cacdce/2:2023cv08723/902193/51/	February 13, 2026	2:2023cv08723
Antonio Lopez v. General Motors LLC et al	https://law.justia.com/cases/federal/district-courts/california/cacdce/2:2025cv07150/981728/28/	February 13, 2026	2:2025cv07150
Leslie Zuniga v. R.I.M. Logistics, LTD. et al	https://law.justia.com/cases/federal/district-courts/california/cacdce/2:2025cv10706/994670/28/	February 13, 2026	2:2025cv10706
Aryout Michael Thomas Bhotiwihok et al v. Fairlife, LLC et al	https://law.justia.com/cases/federal/district-courts/california/cacdce/2:2025cv01650/959531/95/	February 13, 2026	2:2025cv01650
Taylor Keith Reed v. General Motors LLC et al	https://law.justia.com/cases/federal/district-courts/california/cacdce/2:2025cv06995/981244/26/	February 13, 2026	2:2025cv06995
Maribel Casillas Hernandez v. General Motors, LLC et al	https://law.justia.com/cases/federal/district-courts/california/cacdce/2:2025cv07880/983965/29/	February 13, 2026	2:2025cv07880
Michelle C. Carbone v. General Motors, LLC et al	https://law.justia.com/cases/federal/district-courts/california/cacdce/2:2025cv11067/996092/22/	February 13, 2026	2:2025cv11067
Platinum Drywall Corp. et al v. General Motors LLC et al	https://law.justia.com/cases/federal/district-courts/california/cacdce/2:2025cv10989/995725/20/	February 13, 2026	2:2025cv10989
Lacey Sculls et al v. City of Los Angeles et al	https://law.justia.com/cases/federal/district-courts/california/cacdce/2:2021cv08624/835731/254/	February 12, 2026	2:2021cv08624
Matthew Huston v. LEGO Brand Retail, Inc. et al	https://law.justia.com/cases/federal/district-courts/california/cacdce/8:2025cv02693/997964/27/	February 12, 2026	8:2025cv02693
Sugey Yajaira Hernandez Rojas v. General Motors LLC et al	https://law.justia.com/cases/federal/district-courts/california/cacdce/2:2025cv06844/980702/31/	February 12, 2026	2:2025cv06844
Robert Ibarra Jr. v. General Motors LLC et al	https://law.justia.com/cases/federal/district-courts/california/cacdce/2:2025cv07009/981267/31/	February 12, 2026	2:2025cv07009
Rubi Gutierrez v. General Motors LLC et al	https://law.justia.com/cases/federal/district-courts/california/cacdce/2:2025cv07632/983110/31/	February 12, 2026	2:2025cv07632
Anthony Randall v. United Network for Organ Sharing et al	https://law.justia.com/cases/federal/district-courts/california/cacdce/2:2023cv02576/880597/241/	February 12, 2026	2:2023cv02576
Jose Zavala et al v. General Motors LLC et al	https://law.justia.com/cases/federal/district-courts/california/cacdce/2:2025cv08517/986258/25/	February 12, 2026	2:2025cv08517
Daniel Bateman et al v. General Motors LLC et al	https://law.justia.com/cases/federal/district-courts/california/cacdce/8:2025cv02696/998161/17/	February 12, 2026	8:2025cv02696
Axos Bank v. Nano Banc et al	https://law.justia.com/cases/federal/district-courts/california/cacdce/5:2019cv02092/763418/452/	February 12, 2026	5:2019cv02092
Marianne E. Llanos v. General Motors LLC et al	https://law.justia.com/cases/federal/district-courts/california/cacdce/2:2025cv08454/986002/24/	February 12, 2026	2:2025cv08454
Affordable Wheel Repair v. General Motors, LLC.	https://law.justia.com/cases/federal/district-courts/california/cacdce/5:2025cv02317/985833/17/	February 11, 2026	5:2025cv02317
Maritza Jose Bonilla v. Frank Bisignano	https://law.justia.com/cases/federal/district-courts/california/cacdce/2:2025cv07637/983132/15/	February 10, 2026	2:2025cv07637
Cesar Edwin Carballo v. Fereti Semaia et al	https://law.justia.com/cases/federal/district-courts/california/cacdce/5:2025cv03176/996975/27/	February 10, 2026	5:2025cv03176
Erica Tucker v. Andy Mcqueen et al	https://law.justia.com/cases/federal/district-courts/california/cacdce/2:2025cv09393/990563/16/	February 9, 2026	2:2025cv09393
Malik Shakur v. International Brotherhood of Teamsters et al	https://law.justia.com/cases/federal/district-courts/california/cacdce/2:2025cv07450/982496/51/	February 6, 2026	2:2025cv07450
Rinku Rinku v. Pam Bondi et al	https://law.justia.com/cases/federal/district-courts/california/cacdce/5:2026cv00409/1004660/11/	February 6, 2026	5:2026cv00409
Yi Zheng v. Marin et al	https://law.justia.com/cases/federal/district-courts/california/cacdce/5:2026cv00519/1005557/5/	February 6, 2026	5:2026cv00519
Reuben S. O'Bryant Jr. v. General Motors LLC et al	https://law.justia.com/cases/federal/district-courts/california/cacdce/5:2025cv03194/997397/20/	February 5, 2026	5:2025cv03194
Emilio Gael Perez Bueno v. James Janecka et al	https://law.justia.com/cases/federal/district-courts/california/cacdce/5:2025cv03376/999460/12/	February 5, 2026	5:2025cv03376
Ramon Molina v. Donald Trump et al	https://law.justia.com/cases/federal/district-courts/california/cacdce/2:2026cv00944/1005306/10/	February 5, 2026	2:2026cv00944
Arody Tome Ramos et al v. Kristi Noem et al	https://law.justia.com/cases/federal/district-courts/california/cacdce/5:2026cv00064/1001829/23/	February 4, 2026	5:2026cv00064
Joel E. Felix v. Nissan North America, Inc. et al	https://law.justia.com/cases/federal/district-courts/california/cacdce/8:2025cv01537/978722/12/	February 4, 2026	8:2025cv01537
Trustees of the Operating Engineers Pension Trust et al v. Union Paving Company	https://law.justia.com/cases/federal/district-courts/california/cacdce/2:2024cv10939/952324/43/	February 3, 2026	2:2024cv10939
Jorge Humberto Acevedo Pena v. General Motors LLC et al	https://law.justia.com/cases/federal/district-courts/california/cacdce/2:2025cv07587/983006/28/	February 3, 2026	2:2025cv07587
Jonathan Parvizand v. Mastercraft Boat Company, LLC et al	https://law.justia.com/cases/federal/district-courts/california/cacdce/2:2025cv10388/993257/21/	February 3, 2026	2:2025cv10388
Anthony Flores v. LGS Staffing LLC et al	https://law.justia.com/cases/federal/district-courts/california/cacdce/5:2025cv02755/991534/33/	February 2, 2026	5:2025cv02755
Travelers Casualty Insurance Company of America v. LMID, Inc. et al	https://law.justia.com/cases/federal/district-courts/california/cacdce/2:2024cv01022/913978/119/	February 2, 2026	2:2024cv01022
Christina Lisa Perez v. Frank Bisignano	https://law.justia.com/cases/federal/district-courts/california/cacdce/2:2024cv01221/914847/19/	January 29, 2026	2:2024cv01221
Nancy Louise Horne v. State Farm Mutual Automobile Insurance Company	https://law.justia.com/cases/federal/district-courts/california/cacdce/2:2025cv10442/993519/60/	January 29, 2026	2:2025cv10442
Tracy McDuffie v. Southern California Edison Company	https://law.justia.com/cases/federal/district-courts/california/cacdce/5:2025cv01940/982210/46/	January 29, 2026	5:2025cv01940
Pierre Osama Zarif Hanna v. Ernesto Santacruz Jr et al	https://law.justia.com/cases/federal/district-courts/california/cacdce/5:2026cv00267/1003445/7/	January 29, 2026	5:2026cv00267
Securities and Exchange Commission v. Susan Werth et al	https://law.justia.com/cases/federal/district-courts/california/cacdce/2:2018cv08436/724753/32/	January 28, 2026	2:2018cv08436
William Abshire et al v. Station Casinos LLC	https://law.justia.com/cases/federal/district-courts/california/cacdce/2:2025cv09634/990242/32/	January 28, 2026	2:2025cv09634
Keith William Lawson v. General Motors LLC et al	https://law.justia.com/cases/federal/district-courts/california/cacdce/2:2025cv07655/983181/19/	January 28, 2026	2:2025cv07655
Nathaniel M. Jacquet v. General Motors, LLC	https://law.justia.com/cases/federal/district-courts/california/cacdce/2:2025cv11062/996078/16/	January 28, 2026	2:2025cv11062
Milton Louis Gradillas v. General Motors, LLC et al	https://law.justia.com/cases/federal/district-courts/california/cacdce/2:2025cv11056/996061/19/	January 28, 2026	2:2025cv11056
Elicet Maldonado v. Ford Motor Company et al	https://law.justia.com/cases/federal/district-courts/california/cacdce/2:2025cv07344/982294/15/	January 28, 2026	2:2025cv07344
Jelber Ediveth Diaz Osorio v. Timothy S. Robbins et al	https://law.justia.com/cases/federal/district-courts/california/cacdce/2:2026cv00757/1003867/6/	January 27, 2026	2:2026cv00757
Amanda Brown et al v. United States of America et al	https://law.justia.com/cases/federal/district-courts/california/cacdce/2:2021cv05496/825255/87/	January 27, 2026	2:2021cv05496
Alger v. Ashford CM Partners LP et al	https://law.justia.com/cases/federal/district-courts/california/cacdce/2:2024cv06482/935475/75/	January 26, 2026	2:2024cv06482
A.R. v. Kristi Noem et al	https://law.justia.com/cases/federal/district-courts/california/cacdce/5:2025cv03565/1000826/16/	January 26, 2026	5:2025cv03565
Jeremy Jones v. Correctional Officer Drayton et al	https://law.justia.com/cases/federal/district-courts/california/cacdce/2:2021cv06020/826879/65/	January 26, 2026	2:2021cv06020
Richard Bonomini v. General Motors LLC et al	https://law.justia.com/cases/federal/district-courts/california/cacdce/2:2025cv09047/987978/27/	January 26, 2026	2:2025cv09047
Jeremy Jones v. Correctional Officer Drayton et al	https://law.justia.com/cases/federal/district-courts/california/cacdce/2:2021cv06020/826879/64/	January 26, 2026	2:2021cv06020
Le Geng Lin et al v. Amazon.com, Inc. et al	https://law.justia.com/cases/federal/district-courts/california/cacdce/2:2025cv02063/961069/31/	January 23, 2026	2:2025cv02063
Avis Copelin v. Athene Annuity and Life Company et al	https://law.justia.com/cases/federal/district-courts/california/cacdce/2:2025cv11103/996279/28/	January 23, 2026	2:2025cv11103
Cindy Huerta v. General Motors, LLC et al	https://law.justia.com/cases/federal/district-courts/california/cacdce/2:2025cv07535/982853/28/	January 23, 2026	2:2025cv07535
Accurate Surgical and Scientific Instruments Corporation et al v. Hayden Medical, Inc. et al	https://law.justia.com/cases/federal/district-courts/california/cacdce/2:2025cv08004/984300/35/	January 22, 2026	2:2025cv08004
Anna Livingston v. Karl Storz Endoscopy-America, Inc. et al	https://law.justia.com/cases/federal/district-courts/california/cacdce/2:2025cv09147/988461/31/	January 22, 2026	2:2025cv09147
Maria D. Garcia v. Frank Bisignano	https://law.justia.com/cases/federal/district-courts/california/cacdce/5:2025cv01189/970688/20/	January 22, 2026	5:2025cv01189
Maria D. Garcia v. Frank Bisignano	https://law.justia.com/cases/federal/district-courts/california/cacdce/5:2025cv01189/970688/21/	January 22, 2026	5:2025cv01189
Josue Sermeno v. International Paper Company et al	https://law.justia.com/cases/federal/district-courts/california/cacdce/8:2025cv02610/996342/25/	January 22, 2026	8:2025cv02610
Sara Amar Fahmy v. Frank Bisignano	https://law.justia.com/cases/federal/district-courts/california/cacdce/2:2025cv06001/976969/18/	January 21, 2026	2:2025cv06001
David M. Spencer v. SiteOne Landscape Supply, LLC et al	https://law.justia.com/cases/federal/district-courts/california/cacdce/8:2025cv02733/998758/16/	January 21, 2026	8:2025cv02733
Tobias Maurice Persellin v. Leland Dudek	https://law.justia.com/cases/federal/district-courts/california/cacdce/2:2025cv02608/963349/18/	January 20, 2026	2:2025cv02608
Tobias Maurice Persellin v. Leland Dudek	https://law.justia.com/cases/federal/district-courts/california/cacdce/2:2025cv02608/963349/19/	January 20, 2026	2:2025cv02608
H. L. et al v. County of Los Angeles et al	https://law.justia.com/cases/federal/district-courts/california/cacdce/2:2025cv05642/975436/38/	January 20, 2026	2:2025cv05642
Yvonne Powell et al v. General Motors LLC et al	https://law.justia.com/cases/federal/district-courts/california/cacdce/2:2025cv08163/984992/21/	January 20, 2026	2:2025cv08163
Kyoko Marie Hawkins v. Leland Dudek	https://law.justia.com/cases/federal/district-courts/california/cacdce/5:2025cv01003/967514/23/	January 20, 2026	5:2025cv01003
Joel Andrew Warman et al v. General Motors LLC et al	https://law.justia.com/cases/federal/district-courts/california/cacdce/2:2025cv07761/983512/22/	January 20, 2026	2:2025cv07761
Securities and Exchange Commission v. John David Gessin et al	https://law.justia.com/cases/federal/district-courts/california/cacdce/8:2023cv00460/878234/100/	January 20, 2026	8:2023cv00460
North Investment Limited Partnership et al v. Trinad Capital L.P. et al	https://law.justia.com/cases/federal/district-courts/california/cacdce/2:2025cv05553/975028/60/	January 20, 2026	2:2025cv05553
Yolanda Landeros v. General Motors, LLC et al	https://law.justia.com/cases/federal/district-courts/california/cacdce/2:2025cv07959/984202/22/	January 20, 2026	2:2025cv07959
Mauricio Caballero v. Nissan North America, Inc. et al	https://law.justia.com/cases/federal/district-courts/california/cacdce/5:2025cv03089/995948/17/	January 20, 2026	5:2025cv03089
Lindsey C. Farris v. Frank Bisignano	https://law.justia.com/cases/federal/district-courts/california/cacdce/2:2025cv04721/971984/17/	January 20, 2026	2:2025cv04721
Bianca Alicia Gonzalez v. General Motors, LLC	https://law.justia.com/cases/federal/district-courts/california/cacdce/2:2025cv09808/990829/16/	January 20, 2026	2:2025cv09808
Randy W. Emerick v. Leland Dudek	https://law.justia.com/cases/federal/district-courts/california/cacdce/5:2025cv00940/966556/20/	January 20, 2026	5:2025cv00940
Randy W. Emerick v. Leland Dudek	https://law.justia.com/cases/federal/district-courts/california/cacdce/5:2025cv00940/966556/21/	January 20, 2026	5:2025cv00940
Securities and Exchange Commission v. John David Gessin et al	https://law.justia.com/cases/federal/district-courts/california/cacdce/8:2023cv00460/878234/101/	January 20, 2026	8:2023cv00460
Securities and Exchange Commission v. John David Gessin et al	https://law.justia.com/cases/federal/district-courts/california/cacdce/8:2023cv00460/878234/102/	January 20, 2026	8:2023cv00460
Michael Washington v. Michelle King	https://law.justia.com/cases/federal/district-courts/california/cacdce/2:2025cv00635/955120/18/	January 16, 2026	2:2025cv00635
Ndidi Anofienem v. WeWork Companies, LLC et al	https://law.justia.com/cases/federal/district-courts/california/cacdce/2:2025cv10981/995699/46/	January 15, 2026	2:2025cv10981
Ravi Chalal v. Mark Bowen et al	https://law.justia.com/cases/federal/district-courts/california/cacdce/5:2025cv03546/1000689/16/	January 15, 2026	5:2025cv03546
Victoria Jacobsen v. Henkel Corporation et al	https://law.justia.com/cases/federal/district-courts/california/cacdce/2:2025cv10443/993539/19/	January 14, 2026	2:2025cv10443
Keyling Egdelina Velasquez Pinell v. Pamela Bondi et al	https://law.justia.com/cases/federal/district-courts/california/cacdce/5:2026cv00129/1002322/9/	January 14, 2026	5:2026cv00129
Alex Alfonso Salaverria v. Gavin Newsom et al	https://law.justia.com/cases/federal/district-courts/california/cacdce/2:2025cv04451/971121/44/	January 14, 2026	2:2025cv04451
Jermaine Petit v. City of Los Angeles et al	https://law.justia.com/cases/federal/district-courts/california/cacdce/2:2023cv00789/874398/106/	January 13, 2026	2:2023cv00789
California Coalition for Women Prisoners et al v. Scott Lee et al	https://law.justia.com/cases/federal/district-courts/california/cacdce/5:2025cv00283/956175/75/	January 13, 2026	5:2025cv00283
Connell Ryans v. Flowers Bakeries Sales of SoCal, LLC et al	https://law.justia.com/cases/federal/district-courts/california/cacdce/5:2025cv02076/982382/24/	January 13, 2026	5:2025cv02076
Ramiro Lopez Mancillas v. Leland Dudek	https://law.justia.com/cases/federal/district-courts/california/cacdce/2:2025cv04023/969184/21/	January 13, 2026	2:2025cv04023
Matthew Beckett v. Dept. State Hospitals-ASH et al	https://law.justia.com/cases/federal/district-courts/california/cacdce/2:2025cv01862/961159/13/	January 13, 2026	2:2025cv01862
Ramiro Lopez Mancillas v. Leland Dudek	https://law.justia.com/cases/federal/district-courts/california/cacdce/2:2025cv04023/969184/20/	January 13, 2026	2:2025cv04023
Vitalina Montes-Mendoza v. General Motors LLC et al	https://law.justia.com/cases/federal/district-courts/california/cacdce/5:2025cv02690/990752/16/	January 13, 2026	5:2025cv02690
TIGI LINEA CORP. et al v. COOL FREAKIN' GENIUS LLC	https://law.justia.com/cases/federal/district-courts/california/cacdce/2:2025cv10761/994830/38/	January 12, 2026	2:2025cv10761
Yvette Naomi Holmes v. General Motors, LLC. et al	https://law.justia.com/cases/federal/district-courts/california/cacdce/2:2025cv08340/985611/17/	January 12, 2026	2:2025cv08340
Tristan Austin v. Flowers Bakeries Sales of SoCal, LLC	https://law.justia.com/cases/federal/district-courts/california/cacdce/2:2025cv10510/993818/19/	January 12, 2026	2:2025cv10510
Ray Myllyla v. Equity Residential Management, L.L.C. et al	https://law.justia.com/cases/federal/district-courts/california/cacdce/2:2025cv10784/994947/23/	January 8, 2026	2:2025cv10784
Treyvon L. Daniels et al v. Lieutenant Deschino et al	https://law.justia.com/cases/federal/district-courts/california/cacdce/2:2023cv04621/887739/93/	January 7, 2026	2:2023cv04621
Derek Lee v. Alex Zhang	https://law.justia.com/cases/federal/district-courts/california/cacdce/2:2025cv09701/990574/21/	January 7, 2026	2:2025cv09701
Joseph Rose v. Slater Slater & Schulman LLP et al	https://law.justia.com/cases/federal/district-courts/california/cacdce/2:2025cv06112/977778/94/	January 7, 2026	2:2025cv06112
Victoria Ann Gifford et al v. General Motors LLC et al	https://law.justia.com/cases/federal/district-courts/california/cacdce/2:2025cv08164/984996/25/	January 7, 2026	2:2025cv08164
Cesar Velazquez-Ortega v. General Motors LLC et al	https://law.justia.com/cases/federal/district-courts/california/cacdce/5:2025cv02914/993832/20/	January 6, 2026	5:2025cv02914
Carlos Mora Sandoval v. General Motors LLC et al	https://law.justia.com/cases/federal/district-courts/california/cacdce/2:2025cv07218/981953/28/	January 6, 2026	2:2025cv07218
Cindy Ascencio et al v. General Motors, LLC et al	https://law.justia.com/cases/federal/district-courts/california/cacdce/2:2025cv08508/986240/24/	January 6, 2026	2:2025cv08508
Candido Lopez v. General Motors LLC et al	https://law.justia.com/cases/federal/district-courts/california/cacdce/2:2025cv07359/982326/29/	January 6, 2026	2:2025cv07359
Mitch Chaney v. Carolyn Colvin	https://law.justia.com/cases/federal/district-courts/california/cacdce/5:2024cv02147/944004/19/	January 6, 2026	5:2024cv02147
Susana Reyes v. Federal Express Corporation et al	https://law.justia.com/cases/federal/district-courts/california/cacdce/5:2025cv02248/984853/24/	January 5, 2026	5:2025cv02248
Jeanneth Franco v. Costco Wholesale Corporation et al	https://law.justia.com/cases/federal/district-courts/california/cacdce/2:2025cv10274/992704/17/	January 5, 2026	2:2025cv10274
Juan Barrera Farret v. Ford Motor Company et al	https://law.justia.com/cases/federal/district-courts/california/cacdce/2:2025cv08510/986248/22/	January 5, 2026	2:2025cv08510
Maria Teresa Landa v. Leland Dudek	https://law.justia.com/cases/federal/district-courts/california/cacdce/2:2025cv01859/960373/20/	January 5, 2026	2:2025cv01859
Miguel Sanchez v. General Motors, LLC. et al	https://law.justia.com/cases/federal/district-courts/california/cacdce/2:2025cv07548/982911/27/	January 5, 2026	2:2025cv07548
Maria Teresa Landa v. Leland Dudek	https://law.justia.com/cases/federal/district-courts/california/cacdce/2:2025cv01859/960373/21/	January 5, 2026	2:2025cv01859
Elisa Dolores Lewis v. General Motors LLC et al	https://law.justia.com/cases/federal/district-courts/california/cacdce/2:2025cv07484/982632/27/	January 5, 2026	2:2025cv07484
Daniel Govind v. State of California et al	https://law.justia.com/cases/federal/district-courts/california/cacdce/5:2023cv01080/887537/39/	January 5, 2026	5:2023cv01080
Daniel Govind v. State of California et al	https://law.justia.com/cases/federal/district-courts/california/cacdce/5:2023cv01080/887537/38/	January 5, 2026	5:2023cv01080
